Day_Type,Global_active_power_mean,Global_active_power_std,Global_active_power_min,Global_active_power_max,Voltage_mean,Global_intensity_mean,Sub_metering_1_mean,Sub_metering_1_sum,Sub_metering_2_mean,Sub_metering_2_sum,Sub_metering_3_mean,Sub_metering_3_sum,Sub_metering_4_mean,Sub_metering_4_sum,Total_Sub_metering_mean,Total_Sub_metering_sum
Weekday,0.8756355328264956,0.7653294059782533,0.076,5.182,241.0942491337948,3.707267866978756,0.0,0.0,0.3546154973927378,229775.2392286088,5.905364392176337,3826416.290097011,8.334051991919917,5400098.992476461,14.594031881488991,9456290.52180208
Weekend,0.9347327966405283,0.830344823619137,0.078,5.172,241.06201465353013,3.9674024573476214,0.0,0.0,0.3923947173849591,95509.26660621644,5.7727128473672,1405084.0797620239,9.413905629873256,2291354.0442167805,15.579013194625414,3791947.3905850207
