Season,Global_active_power_mean,Global_active_power_std,Global_active_power_min,Global_active_power_max,Voltage_mean,Sub_metering_1_mean,Sub_metering_1_sum,Sub_metering_2_mean,Sub_metering_2_sum,Sub_metering_3_mean,Sub_metering_3_sum,Sub_metering_4_mean,Sub_metering_4_sum,Total_Sub_metering_mean,Total_Sub_metering_sum
Winter,1.176873175297137,0.9253234852045891,0.194,5.182,242.47909134419652,0.0,0.0,0.27344341627471,57425.851851851854,7.051827849467486,1480954.3666666667,12.289281655876755,2580872.040550677,19.614552921618948,4119252.2590691955
Spring,0.8921261960314383,0.724184158698911,0.104,5.156,240.7678358686694,0.0,0.0,0.3715703979542163,84140.63033514046,6.110586482722886,1383717.8666666667,8.386613053180204,1899114.9794404444,14.868769933857305,3366973.4764422514
Summer,0.5973132882917784,0.5636730214831375,0.076,5.012,240.20638453228707,0.0,0.0,0.42780091322005953,100084.02364783293,4.3311556411404455,1013273.8622448073,5.196696063425457,1215767.0440383856,9.955652617785963,2329124.929931026
Autumn,0.9322121502807307,0.7884123453067572,0.098,5.142,241.0171020940436,0.0,0.0,0.37851831401532465,83634.0,6.12603823599302,1353554.2742808938,9.032314733419334,1995698.972663735,15.536871283427677,3432887.2469446287
