TimeOfDay,Global_active_power_mean,Global_active_power_std,Global_active_power_max,Sub_metering_1_mean,Sub_metering_2_mean,Sub_metering_3_mean,Sub_metering_4_mean,Total_Sub_metering_mean
Morning,1.1162339353929938,0.8151986635707494,5.156,0.0,0.3450001097740379,9.686900908278544,8.572090141519272,18.603991159571855
Afternoon,0.8295051257851734,0.6685356672656226,4.98,0.0,0.3943864406378977,6.344940216631237,7.085873733103957,13.825200390373093
Evening,1.3329034579047685,0.9726267433526127,5.128,0.0,0.39388375236040996,6.3355428227743955,15.485784199028785,22.21521077416359
Night,0.587681700582121,0.5837251187032455,5.182,0.0,0.3468213933245094,2.6185785902543475,6.829406508137851,9.794806491716708
