Kolona,Q1,Q3,IQR,Lower Bound,Upper Bound,Outliers,Përqindja (%),Min,Max
Global_active_power,0.308,1.528,1.22,-1.522,3.358,45669,4.567037011110333,0.076,10.67
Global_reactive_power,0.048,0.194,0.14600000000000002,-0.17100000000000004,0.41300000000000003,19595,1.959558786763603,0.0,1.39
Voltage,238.99,242.88,3.8899999999999864,233.15500000000003,248.71499999999997,24789,2.4789743692310773,223.49,254.15
Global_intensity,1.4,6.4,5.0,-6.1,13.9,48569,4.857045711371341,0.2,46.4
Sub_metering_1,0.0,0.0,0.0,0.0,0.0,81159,8.11614348430453,0.0,88.0
Sub_metering_2,0.0,1.0,1.0,-1.5,2.5,37192,3.7193115793473805,0.0,80.0
Sub_metering_3,0.0,17.0,17.0,-25.5,42.5,0,0.0,0.0,31.0
