Kolona,Nr. Missing,Përqindja (%)
Date,0,0.0
Time,0,0.0
Global_active_power,12533,1.2533376001280039
Global_reactive_power,12533,1.2533376001280039
Voltage,12533,1.2533376001280039
Global_intensity,12533,1.2533376001280039
Sub_metering_1,12533,1.2533376001280039
Sub_metering_2,12533,1.2533376001280039
Sub_metering_3,12533,1.2533376001280039
