Global_active_power,Global_reactive_power,Voltage,Global_intensity,Sub_metering_1,Sub_metering_2,Sub_metering_3
1.0,0.17410991533014503,-0.3103906276986726,0.998505813162056,,0.04346361956684651,0.7427284971385579
0.17410991533014503,1.0,-0.06532870962090494,0.19939515050956208,,0.41250524979403086,0.06196803128216344
-0.3103906276986726,-0.06532870962090494,1.0,-0.3237413063720424,,-0.0329172409363324,-0.24586160623761172
0.998505813162056,0.19939515050956208,-0.3237413063720424,1.0,,0.05392312123765657,0.7320073656997684
,,,,,,
0.04346361956684651,0.41250524979403086,-0.0329172409363324,0.05392312123765657,,1.0,0.006219377006522699
0.7427284971385579,0.06196803128216344,-0.24586160623761172,0.7320073656997684,,0.006219377006522699,1.0
