Global_active_power,Global_reactive_power,Voltage,Global_intensity,Sub_metering_1,Sub_metering_2,Sub_metering_3
0.6147506251317004,0.01413805626861207,-0.7566495978735264,2.550962062474251,0.0,0.022470506431294505,4.782537787659034
0.01413805626861207,0.010725892104039486,-0.021035726174782644,0.06728762759185375,0.0,0.028169794074409244,0.05270638670916994
-0.7566495978735264,-0.021035726174782644,9.666593005651931,-3.2797349248188965,0.0,-0.06748350380218679,-6.277782496039102
2.550962062474251,0.06728762759185375,-3.2797349248188965,10.617146879821563,0.0,0.11585543590760904,19.588365419844262
0.0,0.0,0.0,0.0,0.0,0.0,0.0
0.022470506431294505,0.028169794074409244,-0.06748350380218679,0.11585543590760904,0.0,0.4347854083925619,0.03367931092235217
4.782537787659034,0.05270638670916994,-6.277782496039102,19.588365419844262,0.0,0.03367931092235217,67.44622804552661
