Feature,Count,Mean,Median,Std,Variance,Min,Max,Q25,Q75,IQR,Skewness,Kurtosis,CI_95_Lower,CI_95_Upper,Percentile_5,Percentile_95
Global_active_power,891357,0.8917730996034429,0.474,0.7840603453380992,0.6147506251316994,0.076,5.182,0.296,1.41,1.1139999999999999,1.3331589652867102,1.7020724629198387,0.8901454072226952,0.8934007919841905,0.176,2.44
Global_reactive_power,891357,0.11585438447030239,0.096,0.1035658829153667,0.010725892104039443,0.0,0.632,0.046,0.184,0.138,1.0293909204482952,1.140225225485219,0.11563938392917177,0.116069385011433,0.0,0.318
Voltage,891357,241.0854469313878,241.2,3.109114505072462,9.66659300565198,227.31,254.15,239.31860496183208,243.02,3.701395038167931,-0.2543406549246026,0.6607612971580248,241.07899247667538,241.0919013861002,235.56,246.05
Global_intensity,891357,3.778302277916654,2.2,3.2583963662853495,10.617146879821568,0.2,21.4,1.2,5.8,4.6,1.373489656348016,1.9418532835856812,3.771537917277332,3.7850666385559766,0.8,10.2
Sub_metering_1,891357,0.0,0.0,0.0,0.0,0.0,0.0,0.0,0.0,0.0,,,,,0.0,0.0
Sub_metering_2,891357,0.3649317903318482,0.0,0.6593825963676643,0.4347854083925621,0.0,4.0,0.0,1.0,1.0,1.8417669658486067,3.226420054967731,0.3635629262712095,0.3663006543924869,0.0,2.0
Sub_metering_3,891357,5.8691415110433125,1.0,8.212565253654073,67.4462280455262,0.0,31.0,0.0,17.0,17.0,0.8899654479317591,-1.0038629566755923,5.85209240255409,5.886190619532535,0.0,19.0
