Feature,Shapiro_Statistic,Shapiro_P_Value,Shapiro_Normal,KS_Statistic,KS_P_Value,KS_Normal,Anderson_Statistic
Global_active_power,0.9098693160577195,1.772689861110106e-47,False,0.20686705945526862,0.0,False,51547.806977118365
Global_reactive_power,0.8925033456853902,1.9593379509242255e-50,False,0.13164389802593618,0.0,False,20918.187865398242
Voltage,0.9810174082492871,2.351724628708106e-25,False,0.03614808560324034,0.0,False,2033.990235804813
Global_intensity,0.9140735275435655,1.0820431493664595e-46,False,0.2043817838763753,0.0,False,47782.228577554226
Sub_metering_1,1.0,1.0,True,,,False,
Sub_metering_2,0.5844285375371131,3.3525184763212427e-76,False,0.4338180601801357,0.0,False,163649.0422256461
Sub_metering_3,0.65903229983225,4.326404216378651e-72,False,0.40146430075459627,0.0,False,150066.30222153303
