Global_active_power,Global_reactive_power,Voltage,Global_intensity,Sub_metering_2,Sub_metering_3
0.5700260369747396,0.15753066638228552,-0.2687882994931482,0.571078858785668,0.07171216735443965,0.4967228185587972
-0.07507752050212943,0.6780391577950441,0.028877635948664437,-0.056350861184539525,0.7125412391633641,-0.1513337751103605
0.14841052901666824,0.04738520251124594,0.9610161734494848,0.13227418997739956,-0.01858579329759759,0.18529700154560685
0.010037908155289718,0.6953345669961464,-0.019243600296737245,0.03142114642265992,-0.6951925127017238,-0.1782101176384665
-0.38073655318438093,0.17148197979302207,-0.053709071675935666,-0.39391777911230735,-0.05919644415274389,0.8149070545738021
0.7087643581842001,0.01747577681405965,-0.010576674025260843,-0.705009610582974,-0.0002590665926575017,-0.014042707331287207
