Component,Explained_Variance,Cumulative_Variance
PC1,47.45852454760714,47.45852454760714
PC2,23.01720396948784,70.47572851709498
PC3,14.291939101642953,84.76766761873793
PC4,9.750480276875741,94.51814789561367
PC5,5.465565748623784,99.98371364423745
PC6,0.016286355762526496,99.99999999999997
