,count,mean,std,min,25%,50%,75%,max,range,variance
Global_active_power,987437.0,1.0910142074886804,1.0575552386834561,0.076,0.308,0.6,1.528,10.67,10.594,1.1184230828668218
Global_reactive_power,987437.0,0.12368787071985353,0.11275598642911289,0.0,0.048,0.1,0.194,1.39,1.39,0.012713912475602291
Voltage,987437.0,240.83908367824986,3.2392964088433764,223.49,238.99,241.01,242.88,254.15,30.659999999999997,10.493041224345596
Global_intensity,987437.0,4.625441015477444,4.445829548734737,0.2,1.4,2.6,6.4,46.4,46.199999999999996,19.76540037640291
Sub_metering_1,987437.0,1.1125145199136754,6.1275047465244254,0.0,0.0,0.0,0.0,88.0,88.0,37.546314418679366
Sub_metering_2,987437.0,1.297287826970227,5.814861037424278,0.0,0.0,0.0,1.0,80.0,80.0,33.812608884554955
Sub_metering_3,987437.0,6.451642990894609,8.434355967674083,0.0,0.0,1.0,17.0,31.0,31.0,71.13836058943943
